{"timestamps": [1533845639.74387, 1533845664.850678, 1533845666.806152, 1533845670.992752, 1533845672.556828, 1533845674.659932, 1533845676.911687, 1533845679.267859], "initial_reset_timestamp": 1533845597.088877, "episode_types": ["t", "t", "t", "t", "t", "t", "t", "t", "t"], "episode_lengths": [999, 595, 435, 999, 421, 575, 613, 637], "episode_rewards": [-27.133006541251206, 88.24976126259135, 92.57400740959692, -19.57039347563192, 91.91292308881434, 90.7215151868078, 90.07789782748144, 88.81175652263391]}