{"timestamps": [1533860095.901532], "initial_reset_timestamp": 1533860064.991159, "episode_types": ["t", "t"], "episode_lengths": [761], "episode_rewards": [79.36520224171983]}